{
    "wall_times": {
        "load_features": 0.11206616599997687,
        "load_matches": 0.002890776999947775,
        "compute_tracks": 0.24759486900006777
    },
    "wall_time": 0.3625518119999924,
    "num_images": 11,
    "num_tracks": 8776,
    "view_graph": [
        [
            "20211128_073747.jpg",
            "20211128_073803.jpg",
            1
        ],
        [
            "20211128_073749.jpg",
            "20211128_073805.jpg",
            2
        ],
        [
            "20211128_073746.jpg",
            "20211128_073752.jpg",
            146
        ],
        [
            "20211128_073749.jpg",
            "20211128_073752.jpg",
            433
        ],
        [
            "20211128_073746.jpg",
            "20211128_073751.jpg",
            276
        ],
        [
            "20211128_073751.jpg",
            "20211128_073757.jpg",
            45
        ],
        [
            "20211128_073747.jpg",
            "20211128_073751.jpg",
            488
        ],
        [
            "20211128_073749.jpg",
            "20211128_073801.jpg",
            9
        ],
        [
            "20211128_073744.jpg",
            "20211128_073751.jpg",
            161
        ],
        [
            "20211128_073746.jpg",
            "20211128_073747.jpg",
            1161
        ],
        [
            "20211128_073749.jpg",
            "20211128_073751.jpg",
            947
        ],
        [
            "20211128_073746.jpg",
            "20211128_073749.jpg",
            755
        ],
        [
            "20211128_073757.jpg",
            "20211128_073803.jpg",
            609
        ],
        [
            "20211128_073757.jpg",
            "20211128_073805.jpg",
            366
        ],
        [
            "20211128_073752.jpg",
            "20211128_073757.jpg",
            76
        ],
        [
            "20211128_073803.jpg",
            "20211128_073805.jpg",
            2133
        ],
        [
            "20211128_073751.jpg",
            "20211128_073759.jpg",
            26
        ],
        [
            "20211128_073757.jpg",
            "20211128_073801.jpg",
            1040
        ],
        [
            "20211128_073759.jpg",
            "20211128_073803.jpg",
            1058
        ],
        [
            "20211128_073744.jpg",
            "20211128_073747.jpg",
            621
        ],
        [
            "20211128_073747.jpg",
            "20211128_073749.jpg",
            1420
        ],
        [
            "20211128_073759.jpg",
            "20211128_073805.jpg",
            657
        ],
        [
            "20211128_073751.jpg",
            "20211128_073801.jpg",
            20
        ],
        [
            "20211128_073801.jpg",
            "20211128_073805.jpg",
            930
        ],
        [
            "20211128_073744.jpg",
            "20211128_073757.jpg",
            7
        ],
        [
            "20211128_073801.jpg",
            "20211128_073803.jpg",
            1518
        ],
        [
            "20211128_073751.jpg",
            "20211128_073752.jpg",
            1136
        ],
        [
            "20211128_073752.jpg",
            "20211128_073801.jpg",
            26
        ],
        [
            "20211128_073757.jpg",
            "20211128_073759.jpg",
            1500
        ],
        [
            "20211128_073747.jpg",
            "20211128_073752.jpg",
            228
        ],
        [
            "20211128_073747.jpg",
            "20211128_073801.jpg",
            4
        ],
        [
            "20211128_073752.jpg",
            "20211128_073759.jpg",
            42
        ],
        [
            "20211128_073749.jpg",
            "20211128_073757.jpg",
            22
        ],
        [
            "20211128_073744.jpg",
            "20211128_073749.jpg",
            416
        ],
        [
            "20211128_073752.jpg",
            "20211128_073803.jpg",
            14
        ],
        [
            "20211128_073744.jpg",
            "20211128_073746.jpg",
            1438
        ],
        [
            "20211128_073751.jpg",
            "20211128_073803.jpg",
            11
        ],
        [
            "20211128_073749.jpg",
            "20211128_073803.jpg",
            5
        ],
        [
            "20211128_073749.jpg",
            "20211128_073759.jpg",
            13
        ],
        [
            "20211128_073747.jpg",
            "20211128_073757.jpg",
            14
        ],
        [
            "20211128_073751.jpg",
            "20211128_073805.jpg",
            6
        ],
        [
            "20211128_073752.jpg",
            "20211128_073805.jpg",
            7
        ],
        [
            "20211128_073746.jpg",
            "20211128_073801.jpg",
            2
        ],
        [
            "20211128_073744.jpg",
            "20211128_073752.jpg",
            83
        ],
        [
            "20211128_073746.jpg",
            "20211128_073759.jpg",
            3
        ],
        [
            "20211128_073746.jpg",
            "20211128_073757.jpg",
            11
        ],
        [
            "20211128_073744.jpg",
            "20211128_073801.jpg",
            2
        ],
        [
            "20211128_073747.jpg",
            "20211128_073759.jpg",
            6
        ],
        [
            "20211128_073759.jpg",
            "20211128_073801.jpg",
            1864
        ],
        [
            "20211128_073744.jpg",
            "20211128_073759.jpg",
            3
        ]
    ]
}