{
    "wall_times": {
        "load_features": 0.10884461099885812,
        "load_matches": 0.002748779999819817,
        "compute_tracks": 0.2455433430004632
    },
    "wall_time": 0.35713673399914114,
    "num_images": 11,
    "num_tracks": 8634,
    "view_graph": [
        [
            "20211128_073744.jpg",
            "20211128_073801.jpg",
            1
        ],
        [
            "20211128_073757.jpg",
            "20211128_073805.jpg",
            371
        ],
        [
            "20211128_073757.jpg",
            "20211128_073803.jpg",
            596
        ],
        [
            "20211128_073757.jpg",
            "20211128_073801.jpg",
            1033
        ],
        [
            "20211128_073749.jpg",
            "20211128_073752.jpg",
            416
        ],
        [
            "20211128_073746.jpg",
            "20211128_073752.jpg",
            129
        ],
        [
            "20211128_073759.jpg",
            "20211128_073803.jpg",
            1030
        ],
        [
            "20211128_073752.jpg",
            "20211128_073757.jpg",
            68
        ],
        [
            "20211128_073803.jpg",
            "20211128_073805.jpg",
            2137
        ],
        [
            "20211128_073751.jpg",
            "20211128_073759.jpg",
            23
        ],
        [
            "20211128_073746.jpg",
            "20211128_073749.jpg",
            766
        ],
        [
            "20211128_073747.jpg",
            "20211128_073752.jpg",
            233
        ],
        [
            "20211128_073746.jpg",
            "20211128_073751.jpg",
            265
        ],
        [
            "20211128_073751.jpg",
            "20211128_073757.jpg",
            42
        ],
        [
            "20211128_073747.jpg",
            "20211128_073751.jpg",
            495
        ],
        [
            "20211128_073749.jpg",
            "20211128_073801.jpg",
            7
        ],
        [
            "20211128_073744.jpg",
            "20211128_073747.jpg",
            595
        ],
        [
            "20211128_073747.jpg",
            "20211128_073801.jpg",
            4
        ],
        [
            "20211128_073749.jpg",
            "20211128_073757.jpg",
            17
        ],
        [
            "20211128_073752.jpg",
            "20211128_073759.jpg",
            37
        ],
        [
            "20211128_073746.jpg",
            "20211128_073747.jpg",
            1093
        ],
        [
            "20211128_073749.jpg",
            "20211128_073751.jpg",
            961
        ],
        [
            "20211128_073744.jpg",
            "20211128_073751.jpg",
            149
        ],
        [
            "20211128_073759.jpg",
            "20211128_073805.jpg",
            644
        ],
        [
            "20211128_073747.jpg",
            "20211128_073749.jpg",
            1383
        ],
        [
            "20211128_073801.jpg",
            "20211128_073805.jpg",
            966
        ],
        [
            "20211128_073744.jpg",
            "20211128_073757.jpg",
            7
        ],
        [
            "20211128_073751.jpg",
            "20211128_073801.jpg",
            17
        ],
        [
            "20211128_073747.jpg",
            "20211128_073805.jpg",
            1
        ],
        [
            "20211128_073801.jpg",
            "20211128_073803.jpg",
            1524
        ],
        [
            "20211128_073751.jpg",
            "20211128_073752.jpg",
            1124
        ],
        [
            "20211128_073757.jpg",
            "20211128_073759.jpg",
            1448
        ],
        [
            "20211128_073752.jpg",
            "20211128_073801.jpg",
            23
        ],
        [
            "20211128_073746.jpg",
            "20211128_073757.jpg",
            10
        ],
        [
            "20211128_073747.jpg",
            "20211128_073757.jpg",
            13
        ],
        [
            "20211128_073749.jpg",
            "20211128_073759.jpg",
            9
        ],
        [
            "20211128_073744.jpg",
            "20211128_073749.jpg",
            399
        ],
        [
            "20211128_073752.jpg",
            "20211128_073803.jpg",
            12
        ],
        [
            "20211128_073746.jpg",
            "20211128_073801.jpg",
            1
        ],
        [
            "20211128_073744.jpg",
            "20211128_073752.jpg",
            68
        ],
        [
            "20211128_073746.jpg",
            "20211128_073759.jpg",
            4
        ],
        [
            "20211128_073747.jpg",
            "20211128_073759.jpg",
            5
        ],
        [
            "20211128_073759.jpg",
            "20211128_073801.jpg",
            1887
        ],
        [
            "20211128_073744.jpg",
            "20211128_073759.jpg",
            3
        ],
        [
            "20211128_073749.jpg",
            "20211128_073803.jpg",
            6
        ],
        [
            "20211128_073747.jpg",
            "20211128_073803.jpg",
            2
        ],
        [
            "20211128_073744.jpg",
            "20211128_073746.jpg",
            1345
        ],
        [
            "20211128_073751.jpg",
            "20211128_073803.jpg",
            9
        ],
        [
            "20211128_073751.jpg",
            "20211128_073805.jpg",
            6
        ],
        [
            "20211128_073752.jpg",
            "20211128_073805.jpg",
            7
        ],
        [
            "20211128_073749.jpg",
            "20211128_073805.jpg",
            4
        ]
    ]
}